No,filename,diag_pred,diag_gt,age,site,sex
11,AD_006_S_4867_201208_05_FC,1,1,74.0,4,1
21,AD_006_S_4192_201205_06_FC,1,1,83.0,4,1
7,OAS30701_MR_d0054,0,0,45.977,5,0
37,OAS30808_MR_d3453,0,0,81.021,5,0
39,AD_130_S_4730_201306_07_FC,1,1,82.0,4,0
22,AD_116_S_6543_201808_01_FC,0,1,72.2,4,1
52,NC_109_S_6405_201807_01_FC,0,0,71.0,4,0
27,NC_941_S_4292_201708_01_FC,0,0,77.0,4,1
10,NC_018_S_4313_201603_04_FC,0,0,81.0,4,0
20,NC_033_S_1016_201712_01_FC,0,0,89.0,4,0
53,AD_019_S_4252_201109_07_FC,1,1,86.0,4,0
5,AD_130_S_5006_201311_05_FC,1,1,69.0,4,0
31,AD_019_S_5019_201311_05_FC,1,1,64.0,4,0
2,AD_003_S_6264_201806_01_FC,0,1,75.0,4,1
50,AD_019_S_4252_201112_05_FC,1,1,87.0,4,0
26,AD_006_S_4867_201211_07_FC,1,1,74.0,4,1
34,OAS30673_MR_d2417,0,0,45.265,5,0
4,OAS30249_MR_d3431,0,0,50.79,5,1
25,NC_941_S_6054_201707_01_FC,0,0,79.0,4,0
6,OAS30830_MR_d0030,0,0,71.154,5,1
28,NC_037_S_0303_201705_01_FC,0,0,95.0,4,1
18,OAS30992_MR_d0470,0,0,64.457,5,0
24,AD_006_S_4192_201112_06_FC,1,1,82.0,4,1
47,NC_098_S_4003_201711_01_FC,0,0,79.0,4,0
16,NC_128_S_4607_201807_01_FC,0,0,62.0,4,0
49,AD_135_S_6284_201805_01_FC,0,1,80.1,4,1
13,AD_019_S_5012_201211_05_FC,1,1,76.0,4,1
8,NC_168_S_6098_201710_01_FC,0,0,63.0,4,1
32,AD_019_S_4549_201204_05_FC,1,1,79.0,4,1
0,AD_002_S_5018_201211_05_FC,1,1,73.0,4,1
30,AD_002_S_5018_201302_05_FC,1,1,74.0,4,1
9,NC_019_S_4835_201807_09_FC,0,0,85.0,4,1
1,AD_100_S_5106_201304_05_FC,1,1,74.1,4,1
45,NC_012_S_4026_201112_06_FC,0,0,74.0,4,1
19,AD_130_S_4660_201210_07_FC,1,1,77.0,4,0
36,OAS31011_MR_d0089,0,0,72.12,5,1
40,AD_130_S_4984_201303_05_FC,1,1,73.0,4,0
29,AD_019_S_4549_201210_06_FC,1,1,79.0,4,1
44,AD_114_S_6039_201707_01_FC,0,1,55.9,4,1
15,AD_013_S_5071_201305_05_FC,1,1,76.0,4,1
48,NC_141_S_6042_201708_01_FC,0,0,61.0,4,0
46,AD_019_S_4477_201201_06_FC,1,1,82.0,4,0
14,OAS31083_MR_d0091,0,0,74.037,5,0
35,NC_082_S_4224_201803_01_FC,0,0,82.0,4,1
43,OAS30858_MR_d2100,0,0,69.248,5,0
38,OAS30996_MR_d4705,0,0,62.606,5,0
17,AD_130_S_4982_201301_05_FC,1,1,59.0,4,0
51,AD_131_S_5138_201307_05_FC,0,1,60.6,4,1
3,OAS31153_MR_d1239,0,0,62.828,5,1
12,AD_130_S_5059_201305_05_FC,1,1,72.0,4,1
42,AD_053_S_5070_201402_05_FC,1,1,72.0,4,1
41,OAS31018_MR_d0041,0,0,61.517,5,1
23,AFM0407,0,0,50.0,3,0
33,NC_100_S_4469_201404_05_FC,0,0,68.0,4,1
